SOS_ID,ITEM_ID,SENT_ID,SENTENCE,sent_len,CONDITION,TARGET_WORD,SENT_COND
SR4a_06,6,21,La donna cieca era stata operata parecchie volte. Il dottore era molto ottimista sui risultati dell'operazione. La sua vista migliorò quella notte.,22,PLAUS_NOCONN,migliorò,SC1
SR1a_06,6,22,La donna cieca era stata operata parecchie volte. Il dottore era molto deluso dai risultati dell'operazione. La sua vista migliorò quella notte.,22,IMPLAUS_NOCONN,migliorò,SC2
SR2a_06,6,23,"La donna cieca era stata operata parecchie volte. Il dottore era molto ottimista sui risultati. Tuttavia, la sua vista migliorò subito dopo.",22,IMPLAUS_CONN,migliorò,SC3
SR3a_06,6,24,"La donna cieca era stata operata parecchie volte. Il dottore era molto deluso dai risultati. Tuttavia, la sua vista migliorò subito dopo.",22,PLAUS_CONN,migliorò,SC4
SR3a_07,7,25,Il cane correva in una trafficata strada principale. L'auto stava accelerando e lo ha investito. Il cane si è ferito molto gravemente.,22,PLAUS_NOCONN,ferito,SC1
SR4a_07,7,26,"Il cane correva in una strada trafficata. Fortunatamente, l'auto ha sterzato e lo ha mancato. Il cane si è ferito molto gravemente.",22,IMPLAUS_NOCONN,ferito,SC2
SR1a_07,7,27,"Il cane correva in una strada trafficata. L'auto stava accelerando e lo ha investito. Tuttavia, il cane si è ferito molto gravemente.",22,IMPLAUS_CONN,ferito,SC3
SR2a_07,7,28,"Il cane correva in una strada. Fortunatamente, l'auto ha sterzato e lo ha mancato. Tuttavia, il cane si è ferito molto gravemente.",22,PLAUS_CONN,ferito,SC4
SR2a_08,8,29,Elisabetta ha sostenuto un esame oggi. Ha fatto il test e l'ha superato. È tornata a casa e ha festeggiato quella sera.,22,PLAUS_NOCONN,festeggiato,SC1
SR3a_08,8,30,Elisabetta ha sostenuto un esame oggi. Ha fatto il test e l'ha fallito. È tornata a casa e ha festeggiato quella sera.,22,IMPLAUS_NOCONN,festeggiato,SC2
SR4a_08,8,31,"Elisabetta ha sostenuto un esame. Ha fatto il test e l'ha superato. Tuttavia, è tornata a casa e ha festeggiato quella sera.",22,IMPLAUS_CONN,festeggiato,SC3
SR1a_08,8,32,"Elisabetta ha sostenuto un esame. Ha fatto il test e l'ha fallito. Tuttavia, è tornata a casa e ha festeggiato quella sera.",22,PLAUS_CONN,festeggiato,SC4
SR1a_09,9,33,La star di Broadway doveva fare un assolo nel musical. Ha cantato il pezzo magnificamente bene. Il pubblico ha applaudito molto energicamente.,22,PLAUS_NOCONN,applaudito,SC1
SR2a_09,9,34,La star di Broadway doveva fare un assolo nel musical. Ha cantato il pezzo davvero male. Il pubblico ha applaudito molto energicamente.,22,IMPLAUS_NOCONN,applaudito,SC2
SR3a_09,9,35,"La star di Broadway doveva fare un assolo nel musical. Ha cantato il pezzo magnificamente. Tuttavia, il pubblico ha applaudito molto energicamente.",22,IMPLAUS_CONN,applaudito,SC3
SR4a_09,9,36,"La star di Broadway doveva fare un assolo nel musical. Ha cantato il pezzo male. Tuttavia, il pubblico ha applaudito molto energicamente.",22,PLAUS_CONN,applaudito,SC4
SR3a_11,11,41,I funzionari della città sono stati portati in tribunale. Il giudice si è pronunciato contro di loro. Sono stati imprigionati immediatamente dopo,22,PLAUS_NOCONN,imprigionati,SC1
SR4a_11,11,42,I funzionari della città sono stati portati in tribunale. Il giudice si è pronunciato in loro favore. Sono stati imprigionati immediatamente dopo.,22,IMPLAUS_NOCONN,imprigionati,SC2
SR1a_11,11,43,"I funzionari comunali sono stati portati in tribunale. Il giudice si è pronunciato contro di loro. Tuttavia, sono stati imprigionati immediatamente dopo.",22,IMPLAUS_CONN,imprigionati,SC3
SR2a_11,11,44,"I funzionari comunali sono stati portati in tribunale. Il giudice si è pronunciato in loro favore. Tuttavia, sono stati imprigionati immediatamente dopo.",22,PLAUS_CONN,imprigionati,SC4
SR2a_12,12,45,Silvia e Franco stavano giocando d'azzardo e bevevano insieme al casinò. Vinsero tutte le partite di blackjack. Erano entrambi felici quella notte.,22,PLAUS_NOCONN,felici,SC1
SR3a_12,12,46,Silvia e Franco stavano giocando d'azzardo e bevevano insieme al casinò. Nessuno dei due vinse al blackjack. Erano entrambi felici quella notte.,22,IMPLAUS_NOCONN,felici,SC2
SR4a_12,12,47,"Silvia e Franco stavano giocando d'azzardo e bevevano al casinò. Vinsero tutte le partite di blackjack. Tuttavia, erano entrambi felici quella notte.",22,IMPLAUS_CONN,felici,SC3
SR1a_12,12,48,"Silvia e Franco stavano giocando d'azzardo e bevevano al casinò. Nessuno dei due vinse al blackjack. Tuttavia, erano entrambi felici quella notte.",22,PLAUS_CONN,felici,SC4
SR1a_13,13,49,Alice è andata in campeggio durante le vacanze estive. È stata morsa da molte zanzare. Ha iniziato a sentire prurito quella notte.,22,PLAUS_NOCONN,prurito,SC1
SR2a_13,13,50,Alice è andata in campeggio durante le vacanze. Ha usato un repellente per le zanzare. Ha iniziato a sentire prurito quella notte.,22,IMPLAUS_NOCONN,prurito,SC2
SR3a_13,13,51,"Alice è andata in campeggio durante le vacanze estive. È stata morsa dalle zanzare. Tuttavia, ha iniziato a sentire prurito quella notte.",22,IMPLAUS_CONN,prurito,SC3
SR4a_13,13,52,"Alice è andata in campeggio durante le vacanze. Ha usato un ottimo repellente per le zanzare. Tuttavia, ha sentito prurito quella notte.",22,PLAUS_CONN,prurito,SC4
SR4a_14,14,53,Uno scout è venuto a vedere Paolo giocare a baseball nel fine settimana. Ha lanciato molto bene. È stato firmato dalla squadra.,22,PLAUS_NOCONN,firmato,SC1
SR1a_14,14,54,Uno scout è venuto a vedere Paolo giocare a baseball al parco. Ha lanciato in modo pessimo. È stato firmato dalla squadra.,22,IMPLAUS_NOCONN,firmato,SC2
SR2a_14,14,55,"Uno scout è venuto a vedere Paolo giocare a baseball al parco. Ha lanciato molto bene. Tuttavia, è stato firmato dalla squadra.",22,IMPLAUS_CONN,firmato,SC3
SR3a_14,14,56,"Uno scout è venuto a vedere Paolo giocare a baseball. Ha lanciato in modo davvero pessimo. Tuttavia, è stato firmato dalla squadra.",22,PLAUS_CONN,firmato,SC4
SR3a_15,15,57,L'eremita viveva da solo in una grotta buia. Non faceva il bagno da mesi. I suoi capelli sembravano molto sporchi e disordinati.,22,PLAUS_NOCONN,sporchi,SC1
SR4a_15,15,58,L'eremita viveva in una grotta buia. Si lavava in un fiume di montagna ogni giorno. I suoi capelli sembravano sporchi e disordinati.,22,IMPLAUS_NOCONN,sporchi,SC2
SR1a_15,15,59,"L'eremita viveva da solo in una grotta buia. Non faceva il bagno da mesi. Tuttavia, i suoi capelli sembravano sporchi e disordinati.",22,IMPLAUS_CONN,sporchi,SC3
SR2a_15,15,60,"L'eremita viveva in una grotta. Si lavava in un fiume di montagna ogni giorno. Tuttavia, i suoi capelli sembravano sporchi e disordinati.",22,PLAUS_CONN,sporchi,SC4
SR1a_17,17,65,Giacomo ha avuto un problema legato al cibo. Aveva praticamente smesso di mangiare per diverse settimane. È diventato davvero magro molto velocemente.,22,PLAUS_NOCONN,magro,SC1
SR2a_17,17,66,Giacomo ha avuto un problema legato al cibo. Non riusciva a smettere di mangiare un giorno. È diventato davvero magro molto velocemente.,22,IMPLAUS_NOCONN,magro,SC2
SR3a_17,17,67,"Giacomo ha avuto un problema legato al cibo. Aveva praticamente smesso di mangiare un giorno. Tuttavia, è diventato davvero magro molto velocemente.",22,IMPLAUS_CONN,magro,SC3
SR4a_17,17,68,"Giacomo ha avuto un problema legato al cibo. Non riusciva a smettere di mangiare ogni giorno. Tuttavia, è diventato magro molto velocemente.",22,PLAUS_CONN,magro,SC4
SR3a_19,19,73,La compagnia telefonica aveva seri problemi finanziari quell'anno. Aveva perso molti clienti durante l'ultimo semestre. I suoi profitti sono diminuiti poco dopo.,22,PLAUS_NOCONN,diminuiti,SC1
SR4a_19,19,74,La compagnia telefonica aveva avuto molto successo quell'anno. Aveva guadagnato molti clienti durante l'ultimo semestre. I suoi profitti sono diminuiti poco dopo.,22,IMPLAUS_NOCONN,diminuiti,SC2
SR1a_19,19,75,"La compagnia telefonica aveva problemi finanziari quell'anno. Aveva perso molti clienti durante l'ultimo semestre. Tuttavia, i suoi profitti sono diminuiti poco dopo.",22,IMPLAUS_CONN,diminuiti,SC3
SR2a_19,19,76,"La compagnia telefonica aveva avuto successo quell'anno. Aveva guadagnato molti clienti durante l'ultimo semestre. Tuttavia, i suoi profitti sono diminuiti poco dopo.",22,PLAUS_CONN,diminuiti,SC4
SR2a_20,20,77,Gianni si metteva nei guai a scuola molto spesso. Sembrava depresso e non aveva amici. I suoi genitori erano preoccupati per lui.,22,PLAUS_NOCONN,preoccupati,SC1
SR3a_20,20,78,Gianni non dava mai alcun problema a scuola. Era sempre allegro e aveva molti amici. I suoi genitori erano preoccupati per lui.,22,IMPLAUS_NOCONN,preoccupati,SC2
SR4a_20,20,79,"Gianni prendeva voti molto bassi a scuola. Sembrava depresso e non aveva amici. Tuttavia, i suoi genitori erano molto preoccupati per lui.",22,IMPLAUS_CONN,preoccupati,SC3
SR1a_20,20,80,"Gianni prendeva buoni voti a scuola. Era sempre allegro e aveva molti amici. Tuttavia, i suoi genitori erano molto preoccupati per lui.",22,PLAUS_CONN,preoccupati,SC4
SR1a_21,21,81,I due paesi erano in guerra da anni. I leader decisero di firmare il cessate il fuoco. Il conflitto finì poco dopo.,22,PLAUS_NOCONN,finì,SC1
SR2a_21,21,82,I due paesi erano in guerra da anni. I leader respinsero la proposta di cessate il fuoco. Il conflitto finì poco dopo.,22,IMPLAUS_NOCONN,finì,SC2
SR3a_21,21,83,"I paesi erano in guerra da anni. I leader decisero di firmare la proposta di armistizio. Tuttavia, il conflitto finì poco dopo.",22,IMPLAUS_CONN,finì,SC3
SR4a_21,21,84,"I paesi erano in guerra da anni. I leader respinsero la proposta di cessate il fuoco. Tuttavia, il conflitto finì poco dopo.",22,PLAUS_CONN,finì,SC4
SR3a_23,23,89,La famosa violinista era sicura della sua performance. Ha interpretato il pezzo in modo eccezionale al concerto. Tutti avevano esultato per lei.,22,PLAUS_NOCONN,esultato,SC1
SR4a_23,23,90,La famosa violinista era abbastanza nervosa durante la performance. Fece molti errori evidenti e imbarazzanti mentre suonava. Tutti avevano esultato per lei.,22,IMPLAUS_NOCONN,esultato,SC2
SR1a_23,23,91,"La famosa violinista era sicura della sua performance. Ha interpretato il pezzo in modo davvero eccezionale. Tuttavia, tutti avevano esultato per lei.",22,IMPLAUS_CONN,esultato,SC3
SR2a_23,23,92,"La famosa violinista era nervosa durante la performance. Fece molti errori evidenti e imbarazzanti mentre suonava. Tuttavia, tutti avevano esultato per lei.",22,PLAUS_CONN,esultato,SC4
SR2a_24,24,93,La sarta stava appuntando l'abito di Tobia in negozio. Era sempre sbrigativa e negligente con gli spilli. Tobia venne punto molte volte.,22,PLAUS_NOCONN,punto,SC1
SR3a_24,24,94,La sarta stava appuntando l'abito di Tobia in negozio. Era sempre molto attenta nel maneggiare gli spilli. Tobia venne punto molte volte.,22,IMPLAUS_NOCONN,punto,SC2
SR4a_24,24,95,"La sarta stava appuntando l'abito di Tobia in negozio. Era sbrigativa e negligente con gli spilli. Tuttavia, Tobia venne punto molte volte.",22,IMPLAUS_CONN,punto,SC3
SR1a_24,24,96,"La sarta stava appuntando l'abito di Tobia in negozio. Era sempre molto attenta con gli spilli. Tuttavia, Tobia venne punto molte volte.",22,PLAUS_CONN,punto,SC4
SR1a_25,25,97,Giuditta aveva un giardino nel cortile sul retro. Non ha mai trascorso molto tempo a curarlo. Era pieno di erbacce e spazzatura.,22,PLAUS_NOCONN,erbacce,SC1
SR2a_25,25,98,Giuditta aveva un giardino nel cortile sul retro. Passava molto tempo a prendersene cura e pulirlo. Era pieno di erbacce e spazzatura.,22,IMPLAUS_NOCONN,erbacce,SC2
SR3a_25,25,99,"Giuditta aveva un giardino nel cortile. Non ha mai trascorso molto tempo a prendersene cura. Tuttavia, era pieno di erbacce e spazzatura.",22,IMPLAUS_CONN,erbacce,SC3
SR4a_25,25,100,"Giuditta aveva un ampio giardino nel cortile sul retro. Passava molto tempo a prendersene cura. Tuttavia, era pieno di erbacce e spazzatura.",22,PLAUS_CONN,erbacce,SC4
SR4a_26,26,101,La ginnasta era specializzata nella trave di equilibrio. All'ultimo saggio è caduta durante la prima presa. Era rimasta molto delusa dalla performance.,22,PLAUS_NOCONN,delusa,SC1
SR1a_26,26,102,La ginnasta era specializzata nella trave di equilibrio. Aveva eseguito il primo esercizio alla perfezione ed elegantemente. Era rimasta delusa dalla performance.,22,IMPLAUS_NOCONN,delusa,SC2
SR2a_26,26,103,"La ginnasta era specializzata nella trave di equilibrio. All'ultimo saggio è caduta durante la prima presa. Tuttavia, era rimasta delusa dalla performance.",22,IMPLAUS_CONN,delusa,SC3
SR3a_26,26,104,"La ginnasta era specializzata nella trave di equilibrio. Aveva eseguito il primo esercizio davvero alla perfezione. Tuttavia, era rimasta delusa dalla performance.",22,PLAUS_CONN,delusa,SC4
SR3a_27,27,105,La famosa azienda aveva assunto recentemente un nuovo dipendente. Era molto pigro e lento. Le sue valutazioni sono state negative quel trimestre.,22,PLAUS_NOCONN,negative,SC1
SR4a_27,27,106,La famosa azienda aveva assunto recentemente un nuovo dipendente. Era molto efficiente e responsabile. Le sue valutazioni sono state negative quel trimestre.,22,IMPLAUS_NOCONN,negative,SC2
SR1a_27,27,107,"L'azienda informatica aveva assunto recentemente un nuovo dipendente. Era molto pigro e lento. Tuttavia, le sue valutazioni sono state negative quel trimestre.",22,IMPLAUS_CONN,negative,SC3
SR2a_27,27,108,"L'azienda informatica aveva assunto recentemente un nuovo dipendente. Era molto efficiente e responsabile. Tuttavia, le sue valutazioni sono state negative quel trimestre.",22,PLAUS_CONN,negative,SC4
SR1a_29,29,113,L'idea dell'ingegnere del software era stata implementata nel nuovo prodotto quell'anno. L'idea si rivelò molto popolare. L'ingegnere ottenne una promozione in azienda.,22,PLAUS_NOCONN,promozione,SC1
SR2a_29,29,114,L'idea dell'ingegnere del software era stata implementata nel nuovo prodotto quell'anno. L'idea non ebbe molto successo. L'ingegnere ottenne una promozione in azienda.,22,IMPLAUS_NOCONN,promozione,SC2
SR3a_29,29,115,"L'idea dell'ingegnere del software era stata implementata nel nuovo prodotto. L'idea si rivelò molto popolare. Tuttavia, l'ingegnere ottenne una promozione in azienda.",22,IMPLAUS_CONN,promozione,SC3
SR4a_29,29,116,"L'idea dell'ingegnere del software era stata implementata nel nuovo prodotto. L'idea non ebbe molto successo. Tuttavia, l'ingegnere ottenne una promozione in azienda.",22,PLAUS_CONN,promozione,SC4
SR3a_31,31,121,Il governatore era stato assassinato. La scena del crimine era coperta dalle impronte digitali della moglie. La donna venne arrestata subito dopo.,22,PLAUS_NOCONN,arrestata,SC1
SR4a_31,31,122,Il governatore era stato assassinato. Per la sera del crimine la moglie aveva un alibi molto solido. Lei venne arrestata subito dopo.,22,IMPLAUS_NOCONN,arrestata,SC2
SR1a_31,31,123,"Il governatore era stato assassinato. La scena del crimine era coperta dalle impronte digitali della moglie. Tuttavia, lei venne arrestata subito dopo.",22,IMPLAUS_CONN,arrestata,SC3
SR2a_31,31,124,"Il governatore era stato assassinato. Per la sera del crimine la moglie aveva un alibi solido. Tuttavia, lei venne arrestata subito dopo.",22,PLAUS_CONN,arrestata,SC4
SR2a_32,32,125,Il taxi aveva portato il passeggero all'aeroporto. Il passeggero saltò fuori e corse via senza pagare. Il tassista era furioso con lui.,22,PLAUS_NOCONN,furioso,SC1
SR3a_32,32,126,Il taxi aveva portato il passeggero all'aeroporto. Il passeggero ringraziato l'autista e lasciò una mancia generosa. Il tassista era furioso con lui.,22,IMPLAUS_NOCONN,furioso,SC2
SR4a_32,32,127,"Il taxi aveva portato il passeggero all'aeroporto. Il passeggero saltò fuori dal veicolo senza pagare. Tuttavia, il tassista era furioso con lui.",22,IMPLAUS_CONN,furioso,SC3
SR1a_32,32,128,"Il taxi aveva portato il passeggero all'aeroporto. Il passeggero lasciò una mancia generosa scendendo dall'auto. Tuttavia, il tassista era furioso con lui.",22,PLAUS_CONN,furioso,SC4
SR1a_33,33,129,C'era un incontro di boxe nell'arena. Il pugno di un pugile raggiunse il viso del suo avversario. Dopo l'avversario cadde a terra.,22,PLAUS_NOCONN,cadde,SC1
SR2a_33,33,130,C'era un incontro di boxe nell'arena. Il pugno di un pugile mancò il viso del suo avversario. Dopo l'avversario cadde a terra.,22,IMPLAUS_NOCONN,cadde,SC2
SR3a_33,33,131,"C'era un incontro di boxe nell'arena. Il pugno di un pugile raggiunse il viso del suo avversario. Tuttavia, l'avversario cadde a terra.",22,IMPLAUS_CONN,cadde,SC3
SR4a_33,33,132,"C'era un incontro di boxe nell'arena. Il pugno di un pugile mancò il viso del suo avversario. Tuttavia, l'avversario cadde a terra.",22,PLAUS_CONN,cadde,SC4
SR4a_34,34,133,Luigi era stato a casa da solo per un'intera settimana. Non aveva ricevuto nessuna telefonata o visita. Si sentiva solo quei giorni.,22,PLAUS_NOCONN,solo,SC1
SR1a_34,34,134,Luigi aveva passato un'intera settimana con i suoi amici. Erano andati ogni sera a fare festa. Si sentiva davvero solo quei giorni.,22,IMPLAUS_NOCONN,solo,SC2
SR2a_34,34,135,"Luigi è stato a casa da solo per un'intera settimana. Non ha ricevuto nessuna telefonata. Tuttavia, si sentiva davvero solo quei giorni.",22,IMPLAUS_CONN,solo,SC3
SR3a_34,34,136,"Luigi aveva passato settimana con i suoi amici. Erano andati ogni sera a fare festa. Tuttavia, si sentiva davvero solo quei giorni.",22,PLAUS_CONN,solo,SC4
SR3a_35,35,137,Linda non riusciva a trovare la sua carta di credito. Era preoccupata che fosse stata rubata. Aveva deciso di cancellarla senza indugio.,22,PLAUS_NOCONN,cancellarla,SC1
SR4a_35,35,138,Linda pensava di sapere dove fosse la sua carta di credito. La trovò in camera  da letto. Decise di cancellarla senza indugio.,22,IMPLAUS_NOCONN,cancellarla,SC2
SR1a_35,35,139,"Linda non riusciva a trovare la sua carta di credito. Era preoccupata che fosse stata rubata. Tuttavia, decise di cancellarla senza indugio.",22,IMPLAUS_CONN,cancellarla,SC3
SR2a_35,35,140,"Linda pensava di sapere dove fosse la carta di credito. La trovò in camera da letto. Tuttavia, decise di cancellarla senza indugio.",22,PLAUS_CONN,cancellarla,SC4
SR2a_36,36,141,Susanna era in partenza per una rilassante vacanza alle Bahamas. Un grande uragano colpì le isole. Il viaggio fu annullato poco dopo.,22,PLAUS_NOCONN,annullato,SC1
SR3a_36,36,142,Susanna era in partenza per una rilassante vacanza alle Bahamas. Le previsioni del tempo erano perfette. Il viaggio fu annullato poco dopo.,22,IMPLAUS_NOCONN,annullato,SC2
SR4a_36,36,143,"Susanna era in partenza per una vacanza alle Bahamas. Un grande uragano colpì le isole. Tuttavia, il viaggio fu annullato poco dopo.",22,IMPLAUS_CONN,annullato,SC3
SR1a_36,36,144,"Susanna era in partenza per una vacanza alle Bahamas. Le previsioni del tempo erano perfette. Tuttavia, il viaggio fu annullato poco dopo.",22,PLAUS_CONN,annullato,SC4
SR1a_37,37,145,"Durante il temporale, l'elettricità era stata interrotta improvvisamente. Le luci del ristorante si erano spente. I camerieri portavano le candele ai tavoli.",22,PLAUS_NOCONN,candele,SC1
SR2a_37,37,146,"Dopo il temporale, l'elettricità era stata riattivata prontamente. Le luci del ristorante si erano riaccese. I camerieri portavano le candele ai tavoli.",22,IMPLAUS_NOCONN,candele,SC2
SR3a_37,37,147,"Durante il temporale, l'elettricità era stata interrotta. Le luci del ristorante si erano spente. Tuttavia, i camerieri portavano le candele ai tavoli.",22,IMPLAUS_CONN,candele,SC3
SR4a_37,37,148,"Dopo il temporale, l'elettricità era stata interrotta. Le luci del ristorante si erano riaccese. Tuttavia, i camerieri portavano le candele ai tavoli.",22,PLAUS_CONN,candele,SC4
SR3a_39,39,153,La donna dovette salire venti rampe di scale in pochi minuti. Era fuori forma e sovrappeso. Si sentì subito stanca in cima.,22,PLAUS_NOCONN,stanca,SC1
SR4a_39,39,154,La donna dovette salire venti rampe di scale. Era in perfetta forma e faceva spesso esercizio. Si sentì subito stanca in cima.,22,IMPLAUS_NOCONN,stanca,SC2
SR1a_39,39,155,"La donna dovette salire venti rampe di scale di corsa. Era fuori forma e sovrappeso. Tuttavia, si sentì subito stanca in cima.",22,IMPLAUS_CONN,stanca,SC3
SR2a_39,39,156,"La donna dovette salire venti rampe di scale. Era in forma e faceva spesso esercizio. Tuttavia, si sentì subito stanca in cima.",22,PLAUS_CONN,stanca,SC4
SR2a_40,40,157,Sara ha sostenuto un importante e difficile esame di storia oggi. Era completamente impreparata alle domande. Si sentiva nel panico durante l'esame.,22,PLAUS_NOCONN,panico,SC1
SR3a_40,40,158,Sara ha sostenuto un esame di storia molto importante. Conosceva la risposta ad ogni singola domanda. Si sentiva nel panico durante l'esame.,22,IMPLAUS_NOCONN,panico,SC2
SR4a_40,40,159,"Sara ha sostenuto un esame di storia oggi. Era completamente impreparata ad ogni singola domanda. Tuttavia, si sentiva nel panico durante l'esame.",22,IMPLAUS_CONN,panico,SC3
SR1a_40,40,160,"Sara ha sostenuto un esame di storia oggi. Conosceva la risposta ad ogni singola domanda. Tuttavia, si sentiva nel panico durante l'esame.",22,PLAUS_CONN,panico,SC4
SR3a_43,43,169,Il ragazzo aveva preso lo skilift fino alla cima della montagna. Aveva poi sciato fino in fondo. Era molto fiero di sé.,22,PLAUS_NOCONN,fiero,SC1
SR4a_43,43,170,"Il ragazzo aveva preso lo skilift fino alla cima innevata. In vetta, era troppo spaventato per scendere. Era molto fiero di sé.",22,IMPLAUS_NOCONN,fiero,SC2
SR1a_43,43,171,"Il ragazzo aveva preso lo skilift fino in cima. Aveva poi sciato fino in fondo. Tuttavia, si sentiva molto fiero di sé.",22,IMPLAUS_CONN,fiero,SC3
SR2a_43,43,172,"Il ragazzo aveva preso lo skilift fino in cima. In vetta, era troppo spaventato per scendere. Tuttavia, era molto fiero di sé.",22,PLAUS_CONN,fiero,SC4
SR2a_44,44,173,Maurizio ha lavorato in un ospedale. Si rifiutava sempre di indossare guanti di lattice e una mascherina. È stato contagiato dal virus.,22,PLAUS_NOCONN,contagiato,SC1
SR3a_44,44,174,Maurizio ha lavorato alla reception di un  ospedale. Indossava sempre guanti di lattice e una mascherina. Un giorno fu contagiato dal virus.,22,IMPLAUS_NOCONN,contagiato,SC2
SR4a_44,44,175,"Maurizio ha lavorato in un ospedale. Si rifiutava sempre di indossare guanti di lattice e mascherina. Tuttavia, è stato contagiato dal virus.",22,IMPLAUS_CONN,contagiato,SC3
SR1a_44,44,176,"Maurizio ha lavorato alla reception di un  ospedale. Indossava sempre guanti di lattice e una mascherina. Tuttavia, è stato contagiato dal virus.",22,PLAUS_CONN,contagiato,SC4
SR1a_45,45,177,Stefano ha fatto domanda per una scuola di legge. Aveva voti molto bassi e raccomandazioni mediocri. La scuola ha rifiutato la domanda.,22,PLAUS_NOCONN,rifiutato,SC1
SR2a_45,45,178,Stefano ha fatto domanda per una scuola di legge. Aveva voti molto buoni e ottime raccomandazioni. La scuola ha rifiutato la domanda.,22,IMPLAUS_NOCONN,rifiutato,SC2
SR3a_45,45,179,"Stefano ha fatto domanda per una scuola di legge. Aveva voti bassi e raccomandazioni mediocri. Tuttavia, la scuola ha rifiutato la domanda.",22,IMPLAUS_CONN,rifiutato,SC3
SR4a_45,45,180,"Stefano ha fatto domanda per una scuola di legge. Aveva buoni voti e ottime raccomandazioni. Tuttavia, la scuola ha rifiutato la domanda.",22,PLAUS_CONN,rifiutato,SC4
SR4a_46,46,181,Caterina preparò una limonata quel pomeriggio. Aveva aggiunto meno zucchero di quanto richiesto. La limonata aveva un sapore troppo aspro per tutti.,22,PLAUS_NOCONN,aspro,SC1
SR1a_46,46,182,Caterina preparò una limonata quel pomeriggio. Aveva aggiunto più zucchero di quanto richiesto. La limonata aveva un sapore troppo aspro per tutti.,22,IMPLAUS_NOCONN,aspro,SC2
SR2a_46,46,183,"Caterina stava preparando una limonata. Aggiunse meno zucchero rispetto alla quantità prevista. Tuttavia, la limonata aveva un sapore troppo aspro per tutti.",22,IMPLAUS_CONN,aspro,SC3
SR3a_46,46,184,"Caterina stava preparando una limonata. Aggiunse più zucchero rispetto alla quantità prevista. Tuttavia, la limonata aveva un sapore troppo aspro per tutti.",22,PLAUS_CONN,aspro,SC4
SR3a_47,47,185,Gli amici di Tamara l'hanno portata al cinema per il suo compleanno. Era un film dell'orrore. Tamara rimase molto spaventata dal film.,22,PLAUS_NOCONN,spaventata,SC1
SR4a_47,47,186,Gli amici di Tamara l'hanno portata al cinema per il suo compleanno. Era una commedia romantica. Tamara rimase molto spaventata dal film.,22,IMPLAUS_NOCONN,spaventata,SC2
SR1a_47,47,187,"Gli amici di Tamara l'hanno portata al cinema per il suo compleanno. Videro una commedia. Tuttavia, Tamara rimase molto spaventata dal film.",22,IMPLAUS_CONN,spaventata,SC3
SR2a_47,47,188,"Gli amici di Tamara l'hanno portata al cinema per il suo compleanno. Videro un horror. Tuttavia, Tamara rimase molto spaventata dal film.",22,PLAUS_CONN,spaventata,SC4
SR4a_50,50,197,Il passeggero stava facendo i controlli di sicurezza all'aeroporto. Le guardie gli trovarono un'arma addosso. Il passeggero fu subito arrestato come terrorista.,22,PLAUS_NOCONN,arrestato,SC1
SR1a_50,50,198,Il passeggero stava facendo i controlli di sicurezza all'aeroporto. Le guardie non trovarono nulla di sospetto. Il passeggero fu arrestato come terrorista.,22,IMPLAUS_NOCONN,arrestato,SC2
SR2a_50,50,199,"Il passeggero stava facendo i controlli di sicurezza all'aeroporto. Le guardie gli trovarono un'arma addosso. Tuttavia, il passeggero fu arrestato come terrorista.",22,IMPLAUS_CONN,arrestato,SC3
SR3a_50,50,200,"Il passeggero stava facendo i controlli di sicurezza all'aeroporto. Non c'era nulla di sospetto. Tuttavia, il passeggero fu subito arrestato come terrorista.",22,PLAUS_CONN,arrestato,SC4
SR3a_51,51,201,Giulia era tornata dalla gita in montagna con il raffreddore. Prese dello sciroppo per la tosse. Si sentì subito meglio poco dopo.,22,PLAUS_NOCONN,meglio,SC1
SR4a_51,51,202,Giulia era tornata dalla montagna con il raffreddore. Non volle prendere lo sciroppo per la tosse. Si sentì subito meglio poco dopo.,22,IMPLAUS_NOCONN,meglio,SC2
SR1a_51,51,203,"Giulia era tornata dalla montagna con il raffreddore. Prese del forte sciroppo per la tosse. Tuttavia, si sentì subito meglio poco dopo.",22,IMPLAUS_CONN,meglio,SC3
SR2a_51,51,204,"Giulia era tornata dalla montagna con il raffreddore. Non volle prendere lo sciroppo per la tosse. Tuttavia, si sentì meglio poco dopo.",22,PLAUS_CONN,meglio,SC4
SR2a_52,52,205,Il dipendente aveva lavorato per l'azienda per molti anni. È stato sorpreso a fare uso di droghe. È stato licenziato dalla società.,22,PLAUS_NOCONN,licenziato,SC1
SR3a_52,52,206,Il dipendente aveva lavorato per l'azienda per molti anni. Aveva sempre fatto un buon lavoro per  loro. È stato licenziato dalla società.,22,IMPLAUS_NOCONN,licenziato,SC2
SR4a_52,52,207,"Il dipendente aveva lavorato per l'azienda per anni. È stato sorpreso a fare uso di droghe. Tuttavia, è stato licenziato dalla società.",22,IMPLAUS_CONN,licenziato,SC3
SR1a_52,52,208,"Il dipendente aveva lavorato per l'azienda per anni. Aveva sempre fatto un buon lavoro per  loro. Tuttavia, è stato licenziato dalla società.",22,PLAUS_CONN,licenziato,SC4
SR1a_53,53,209,Edoardo era un giovane e attraente cantante pop. Tutti scaricavano e ascoltavano la sua nuova canzone. Era stata un successo alla radio.,22,PLAUS_NOCONN,successo,SC1
SR2a_53,53,210,Edoardo era un giovane e attraente cantante pop. La sua nuova canzone non aveva molti download. Era stata un successo alla radio.,22,IMPLAUS_NOCONN,successo,SC2
SR3a_53,53,211,"Edoardo era un giovane e attraente cantante pop. Tutti scaricavano la sua orecchiabile nuova canzone. Tuttavia, era stata un successo alla radio.",22,IMPLAUS_CONN,successo,SC3
SR4a_53,53,212,"Edoardo era un giovane cantante pop. La sua nuova canzone non aveva molti download finora. Tuttavia, era stata un successo alla radio.",22,PLAUS_CONN,successo,SC4
SR4a_54,54,213,L'uomo era sulla cinquantina. La sua pelle era rugosa e spenta e aveva capelli grigi. Si vide decisamente molto vecchio guardandosi riflesso.,22,PLAUS_NOCONN,vecchio,SC1
SR1a_54,54,214,L'uomo era sulla cinquantina. La sua pelle era liscia e luminosa e aveva capelli folti. Si vide decisamente molto vecchio guardandosi riflesso.,22,IMPLAUS_NOCONN,vecchio,SC2
SR2a_54,54,215,"L'uomo era sulla cinquantina e sovrappeso. La sua pelle era molto rugosa e spenta. Tuttavia, si vide decisamente molto vecchio guardandosi riflesso.",22,IMPLAUS_CONN,vecchio,SC3
SR3a_54,54,216,"L'uomo era sulla cinquantina e sano. La sua pelle era molto liscia e luminosa. Tuttavia, si vide decisamente molto vecchio guardandosi riflesso.",22,PLAUS_CONN,vecchio,SC4
SR2a_56,56,221,Alice stava tornando a casa tardi dopo il lavoro. Uno sconosciuto la stava seguendo da vicino. Si era sentita nervosa nel tragitto.,22,PLAUS_NOCONN,nervosa,SC1
SR3a_56,56,222,Alice stava tornando a casa tardi dopo il lavoro. Il suo fidanzato era con lei. Si era sentita molto nervosa nel tragitto.,22,IMPLAUS_NOCONN,nervosa,SC2
SR4a_56,56,223,"Alice stava tornando a casa tardi dopo il lavoro. Uno sconosciuto la stava seguendo. Tuttavia, si era sentita molto nervosa nel tragitto.",22,IMPLAUS_CONN,nervosa,SC3
SR1a_56,56,224,"Alice stava tornando a casa tardi dopo il lavoro. Il suo fidanzato era con lei. Tuttavia, si era sentita nervosa nel tragitto.",22,PLAUS_CONN,nervosa,SC4
SR3a_59,59,233,Il condannato a morte ha impugnato il verdetto. C'erano nuove prove del DNA dimostranti la sua innocenza. È stato liberato subito dopo.,22,PLAUS_NOCONN,liberato,SC1
SR4a_59,59,234,Il condannato a morte ha impugnato il verdetto. Non erano emerse nuove prove dimostranti la sua innocenza. È stato liberato subito dopo.,22,IMPLAUS_NOCONN,liberato,SC2
SR1a_59,59,235,"Il condannato a morte ha impugnato il verdetto. C'erano nuove prove che dimostravano la sua innocenza. Tuttavia, è stato liberato subito dopo.",22,IMPLAUS_CONN,liberato,SC3
SR2a_59,59,236,"Il condannato a morte ha impugnato il verdetto. Non c'erano nuove prove dimostranti la sua innocenza. Tuttavia, è stato liberato subito dopo.",22,PLAUS_CONN,liberato,SC4
SR3a_63,63,249,Corinna beveva sempre un po' di caffè quando si alzava. Ne aveva bevuto troppo quella mattina. Era decisamente molto agitata durante l'incontro.,22,PLAUS_NOCONN,agitata,SC1
SR4a_63,63,250,Corinna beveva sempre un po' di caffè per svegliarsi la mattina. Non ne aveva bevuto quel giorno. Era molto agitata durante l'incontro.,22,IMPLAUS_NOCONN,agitata,SC2
SR1a_63,63,251,"Corinna beveva sempre un po' di caffè quando si alzava. Ne aveva bevuto troppo quella mattina. Tuttavia, era molto agitata durante l'incontro.",22,IMPLAUS_CONN,agitata,SC3
SR2a_63,63,252,"Corinna beveva sempre un po' di caffè quando si alzava. Non ne aveva bevuto quel giorno. Tuttavia, era molto agitata durante l'incontro.",22,PLAUS_CONN,agitata,SC4
SR2a_64,64,253,Marco si era alzato presto e si è preparato. Ha comunque perso il suo autobus per l'ufficio. Giunse in ritardo per l'incontro.,22,PLAUS_NOCONN,ritardo,SC1
SR3a_64,64,254,Marco si era alzato presto e si è preparato. Ha provato strenuamente a non perdere il bus. Giunse in ritardo per l'incontro.,22,IMPLAUS_NOCONN,ritardo,SC2
SR4a_64,64,255,"Marco si era alzato presto e si è preparato. Ha perso il suo autobus per l'ufficio. Tuttavia, giunse in ritardo per l'incontro.",22,IMPLAUS_CONN,ritardo,SC3
SR1a_64,64,256,"Marco si era alzato presto e si è preparato. Ha provato a non perdere il bus. Tuttavia, giunse in ritardo per l'incontro.",22,PLAUS_CONN,ritardo,SC4
SR1a_65,65,257,Giovanni stava facendo domanda per un lavoro presso una grande azienda. Non era qualificato per nessuna posizione. Era ormai disoccupato da anni.,22,PLAUS_NOCONN,disoccupato,SC1
SR2a_65,65,258,Giovanni stava facendo domanda per un lavoro presso una grande azienda. Aveva due lauree e ottime raccomandazioni. Era stato disoccupato da anni.,22,IMPLAUS_NOCONN,disoccupato,SC2
SR3a_65,65,259,"Giovanni stava facendo domanda per un lavoro a livello senior. Non era qualificato per nessuna posizione. Tuttavia, era ormai disoccupato da anni.",22,IMPLAUS_CONN,disoccupato,SC3
SR4a_65,65,260,"Giovanni stava facendo domanda per un nuovo lavoro presso un'azienda. Aveva due lauree e ottime raccomandazioni. Tuttavia, era ormai disoccupato da anni.",22,PLAUS_CONN,disoccupato,SC4
SR1a_69,69,273,Maria stava organizzando un party quella sera. Aveva pulito e lucidato la casa tutto il giorno. La casa era magnifica quella notte.,22,PLAUS_NOCONN,magnifica,SC1
SR2a_69,69,274,Maria stava organizzando un party. Era stata troppo occupata per pulire la casa prima della festa. La casa era magnifica quella notte.,22,IMPLAUS_NOCONN,magnifica,SC2
SR3a_69,69,275,"Maria stava organizzando un cocktail party. Aveva pulito e lucidato la casa tutto il giorno. Tuttavia, la casa era magnifica quella notte.",22,IMPLAUS_CONN,magnifica,SC3
SR4a_69,69,276,"Maria stava organizzando un cocktail party. Era troppo impegnata per pulire la casa in anticipo. Tuttavia, la casa era magnifica quella notte.",22,PLAUS_CONN,magnifica,SC4
SR4a_70,70,277,Giovanni ha inviato un articolo di ricerca a un giornale. I revisori hanno mandato recensioni positive. L'articolo è stato accettato sul giornale.,22,PLAUS_NOCONN,accettato,SC1
SR1a_70,70,278,Giovanni ha inviato un articolo di ricerca a un giornale. I revisori hanno mandato recensioni negative. L'articolo è stato accettato sul giornale.,22,IMPLAUS_NOCONN,accettato,SC2
SR2a_70,70,279,"Giovanni ha inviato un articolo di ricerca. Tutti i revisori hanno mandato recensioni molto positive. Tuttavia, l'articolo è stato accettato dal  giornale.",22,IMPLAUS_CONN,accettato,SC3
SR3a_70,70,280,"Giovanni ha inviato un articolo di ricerca. Tutti i revisori hanno mandato recensioni molto negative. Tuttavia, l'articolo è stato accettato dal  giornale.",22,PLAUS_CONN,accettato,SC4
SR2a_72,72,285,Giovanni era a prendere un caffè al bar. L'ha ordinato con zucchero e panna extra. Aveva un sapore troppo dolce per lui.,22,PLAUS_NOCONN,dolce,SC1
SR3a_72,72,286,Giovanni si era fermato a prendere un caffè al bar. L'ha ordinato nero senza zucchero. Aveva un sapore troppo dolce per lui.,22,IMPLAUS_NOCONN,dolce,SC2
SR4a_72,72,287,"Giovanni si era fermato a prendere un caffè al bar. L'ha ordinato con zucchero. Tuttavia, aveva un sapore troppo dolce per lui.",22,IMPLAUS_CONN,dolce,SC3
SR1a_72,72,288,"Giovanni era a prendere un caffè al bar. L'ha ordinato nero e senza zucchero. Tuttavia, aveva un sapore troppo dolce per lui.",22,PLAUS_CONN,dolce,SC4
SR1a_73,73,289,"L'uomo stava cercando di attraversare a nuoto l'ampio fiume. L'acqua era profonda con forti correnti. Dopo essersi immerso, è annegato quasi immediatamente.",22,PLAUS_NOCONN,annegato,SC1
SR2a_73,73,290,"L'uomo stava cercando di attraversare a nuoto l'ampio fiume. L'acqua era calma e poco profonda. Dopo essersi immerso, è annegato quasi immediatamente.",22,IMPLAUS_NOCONN,annegato,SC2
SR3a_73,73,291,"L'uomo stava cercando di attraversare a nuoto l'ampio fiume. L'acqua era profonda e agitata. Tuttavia, dopo essersi immerso, è annegato quasi immediatamente.",22,IMPLAUS_CONN,annegato,SC3
SR4a_73,73,292,"L'uomo stava cercando di attraversare a nuoto l'ampio fiume. L'acqua era calma e per niente profonda. Tuttavia, l'uomo è annegato quasi immediatamente.",22,PLAUS_CONN,annegato,SC4
SR3a_75,75,297,A Davide piaceva mettersi in mostra davanti ai suoi amici. Era sempre rumoroso e scortese con l'insegnante. È stato sospeso dal preside.,22,PLAUS_NOCONN,sospeso,SC1
SR4a_75,75,298,Davide portava rispetto ai suoi insegnanti e compagni di classe. Si è sempre comportato benissimo in classe. È stato sospeso dal preside.,22,IMPLAUS_NOCONN,sospeso,SC2
SR1a_75,75,299,"A Davide piaceva mettersi in mostra davanti ai suoi amici. Era rumoroso e scortese con l'insegnante. Tuttavia, è stato sospeso dal preside.",22,IMPLAUS_CONN,sospeso,SC3
SR2a_75,75,300,"Davide portava rispetto ai suoi insegnanti e compagni di classe. Si comportava sempre benissimo in classe. Tuttavia, è stato sospeso dal preside.",22,PLAUS_CONN,sospeso,SC4
SR4a_78,78,309,A Gianni era vietato guardare film violenti. Ha comunque guardato un film di sparatorie. I suoi genitori gli hanno proibito la televisione.,22,PLAUS_NOCONN,proibito,SC1
SR1a_78,78,310,A Gianni è stato vietato di guardare film violenti. Ha guardato un cartone animato. I suoi genitori gli hanno proibito la televisione.,22,IMPLAUS_NOCONN,proibito,SC2
SR2a_78,78,311,"A Gianni era vietato guardare film violenti. Ha guardato un film di sparatorie. Tuttavia, i suoi genitori gli hanno proibito la televisione.",22,IMPLAUS_CONN,proibito,SC3
SR3a_78,78,312,"A Gianni era vietato guardare film violenti. Ha guardato un film per bambini. Tuttavia, i suoi genitori gli hanno proibito la televisione.",22,PLAUS_CONN,proibito,SC4
SR3a_79,79,313,Giliana aveva la pelle molto chiara. Aveva dimenticato di usare la crema solare in spiaggia. Si è presa una scottatura lunedì scorso.,22,PLAUS_NOCONN,scottatura,SC1
SR4a_79,79,314,Giliana si abbronzava spesso al lido vicino. Aveva messo una forte crema solare in spiaggia. Si è presa una scottatura lunedì scorso.,22,IMPLAUS_NOCONN,scottatura,SC2
SR1a_79,79,315,"Giliana aveva la pelle molto chiara. Aveva accidentalmente dimenticato la crema solare a casa. Tuttavia, si è presa una scottatura lunedì scorso.",22,IMPLAUS_CONN,scottatura,SC3
SR2a_79,79,316,"Giliana si abbronzava spesso al lido vicino. Aveva messo la crema solare in spiaggia. Tuttavia, si è presa una scottatura lunedì scorso.",22,PLAUS_CONN,scottatura,SC4
SR2a_80,80,317,Il soldato era stato colpito al petto parecchie volte. Non c'era nessun medico nelle immediate vicinanze. Il soldato era morto in minuti.,22,PLAUS_NOCONN,morto,SC1
SR3a_80,80,318,Il soldato aveva ricevuto un colpo di striscio. Fu subito mandato da un medico molto esperto. Il soldato era morto in minuti.,22,IMPLAUS_NOCONN,morto,SC2
SR4a_80,80,319,"Il soldato era stato colpito al petto parecchie volte. Non c'era nessun medico nelle vicinanze. Tuttavia, il soldato era morto in minuti.",22,IMPLAUS_CONN,morto,SC3
SR1a_80,80,320,"Il soldato aveva ricevuto un colpo di striscio. Fu subito mandato da un medico esperto. Tuttavia, il soldato era morto in minuti.",22,PLAUS_CONN,morto,SC4
SR1b_01,81,321,Angela ha chiamato suo padre sul cellulare. Il segnale telefonico era molto instabile. La voce di suo padre era confusa e indistinta.,22,PLAUS_NOCONN,confusa,SC1
SR2b_01,81,322,Angela ha chiamato suo padre sul cellulare. Il segnale telefonico era molto buono. La voce di suo padre era confusa e indistinta.,22,IMPLAUS_NOCONN,confusa,SC2
SR3b_01,81,323,"Angela ha chiamato suo padre al telefono cellulare. Il segnale era pessimo. Tuttavia, la voce di suo padre era confusa e indistinta.",22,IMPLAUS_CONN,confusa,SC3
SR4b_01,81,324,"Angela ha chiamato suo padre al telefono cellulare. Il segnale era ottimo. Tuttavia, la voce di suo padre era confusa e indistinta.",22,PLAUS_CONN,confusa,SC4
SR4b_02,82,325,L'area era controllata dalla mafia. Il negoziante si è rifiutato di pagare il pizzo. Il suo negozio è stato attaccato una notte.,22,PLAUS_NOCONN,attaccato,SC1
SR1b_02,82,326,L'area era controllata dalla mafia. Il proprietario del negozio aveva sempre pagato il pizzo. Il suo negozio è stato attaccato una notte.,22,IMPLAUS_NOCONN,attaccato,SC2
SR2b_02,82,327,"La zona era controllata dalla mafia. Il proprietario del negozio non ha mai pagato. Tuttavia, il negozio è stato attaccato una notte.",22,IMPLAUS_CONN,attaccato,SC3
SR3b_02,82,328,"La zona era controllata dalla mafia. Il proprietario del negozio ha sempre pagato. Tuttavia, il suo negozio è stato attaccato una notte.",22,PLAUS_CONN,attaccato,SC4
SR3b_03,83,329,Fu scoperto che l'atleta assumeva steroidi vietati. Aveva una storia di abuso di droghe. Il Comitato Olimpico lo ha bandito per anni.,22,PLAUS_NOCONN,bandito,SC1
SR4b_03,83,330,Fu dimostrato che l'atleta non aveva assunto steroidi. I test mostrarono che era pulito. Il Comitato Olimpico lo ha bandito per anni.,22,IMPLAUS_NOCONN,bandito,SC2
SR1b_03,83,331,"Fu scoperto che l'atleta assumeva steroidi. Aveva una storia di abuso di droghe. Tuttavia, il Comitato Olimpico lo ha bandito per anni.",22,IMPLAUS_CONN,bandito,SC3
SR2b_03,83,332,"Fu dimostrato che l'atleta non assumeva steroidi. I test mostrarono che era pulito. Tuttavia, il Comitato Olimpico lo ha bandito per anni.",22,PLAUS_CONN,bandito,SC4
SR2b_04,84,333,L'astronomo pensava di aver trovato un nuovo pianeta. L'analisi del computer dell'università ha mostrato che si sbagliava. Era molto abbattuto per questo.,22,PLAUS_NOCONN,abbattuto,SC1
SR3b_04,84,334,L'astronomo pensava di aver trovato un nuovo pianeta. L'analisi del computer dell'università aveva confermato la sua ipotesi. Era molto abbattuto per questo.,22,IMPLAUS_NOCONN,abbattuto,SC2
SR4b_04,84,335,"L'astronomo pensava di aver trovato un nuovo pianeta. L'analisi del computer ha mostrato che si sbagliava. Tuttavia, era molto abbattuto per questo.",22,IMPLAUS_CONN,abbattuto,SC3
SR1b_04,84,336,"L'astronomo pensava di aver trovato un nuovo pianeta. L'analisi del computer aveva confermato la sua ipotesi. Tuttavia, era molto abbattuto per questo.",22,PLAUS_CONN,abbattuto,SC4
SR1b_05,85,337,Cominciarono a circolare voci sulla corruzione del governatore. Il procuratore federale minacciava di mandarlo in prigione. Il governatore si dimise dall'incarico immediatamente.,22,PLAUS_NOCONN,dimise,SC1
SR2b_05,85,338,Cominciarono a circolare voci sulla corruzione del governatore. Il procuratore federale dichiarò che l'uomo risultava innocente. Il governatore si dimise dall'incarico immediatamente.,22,IMPLAUS_NOCONN,dimise,SC2
SR3b_05,85,339,"Circolavano voci sulla corruzione del governatore. Il procuratore federale minacciava di mandarlo subito in prigione. Tuttavia, il governatore si dimise dall'incarico immediatamente.",22,IMPLAUS_CONN,dimise,SC3
SR4b_05,85,340,"Circolavano voci sulla corruzione del governatore. Il procuratore federale dichiarò che risultava innocente dalle indagini. Tuttavia, il governatore si dimise dall'incarico immediatamente.",22,PLAUS_CONN,dimise,SC4
SR4b_06,86,341,Laura ha messo la torta in forno a  temperatura alta. L'ha cotta per troppi minuti. La torta si è bruciata in forno.,22,PLAUS_NOCONN,bruciata,SC1
SR1b_06,86,342,Laura ha messo la torta in forno accuratamente.  Ha seguito la ricetta alla lettera. La torta si è tutta bruciata in forno.,22,IMPLAUS_NOCONN,bruciata,SC2
SR2b_06,86,343,"Laura ha messo la torta in forno accuratamente.  L'ha cotta per troppi minuti. Tuttavia, la torta si è tutta bruciata in forno.",22,IMPLAUS_CONN,bruciata,SC3
SR3b_06,86,344,"Laura ha messo la torta in forno accuratamente.  Ha seguito la ricetta alla lettera. Tuttavia, la torta si è bruciata in forno.",22,PLAUS_CONN,bruciata,SC4
SR3b_07,87,345,A Claudia piace suonare la batteria nel suo appartamento. Il suono è molto fastidioso per i vicini. Si sono lamentati con l'amministratore.,22,PLAUS_NOCONN,lamentati,SC1
SR4b_07,87,346,A Claudia piace suonare la batteria nel suo appartamento. I vicini adorano sentirla suonare. La scorsa settimana si sono lamentati con l'amministratore.,22,IMPLAUS_NOCONN,lamentati,SC2
SR1b_07,87,347,"A Claudia piace suonare la batteria nel suo appartamento. Il suono è fastidioso per i vicini. Tuttavia, si sono lamentati con l'amministratore.",22,IMPLAUS_CONN,lamentati,SC3
SR2b_07,87,348,"A Claudia piace suonare la batteria nel suo appartamento. I vicini adorano sentirla suonare ogni giorno. Tuttavia, si sono lamentati con l'amministratore.",22,PLAUS_CONN,lamentati,SC4
SR2b_08,88,349,Il ponte aveva più di cento anni. La fondazione era stata recentemente danneggiata. Gli ispettori statali l'hanno ritenuto poco sicuro per l'uso.,22,PLAUS_NOCONN,sicuro,SC1
SR3b_08,88,350,Il ponte aveva soltanto un paio d'anni. La fondazione era ben salda. Gli ispettori statali lo hanno ritenuto poco sicuro per l'uso.,22,IMPLAUS_NOCONN,sicuro,SC2
SR4b_08,88,351,"Il ponte aveva quasi cento anni. La fondazione era stata danneggiata. Tuttavia, gli ispettori statali lo hanno ritenuto poco sicuro per l'uso.",22,IMPLAUS_CONN,sicuro,SC3
SR1b_08,88,352,"Il ponte aveva soltanto un paio d'anni. La fondazione era solida. Tuttavia, gli ispettori statali lo hanno ritenuto poco sicuro per l'uso.",22,PLAUS_CONN,sicuro,SC4
SR1b_09,89,353,L'esaminatore di guida era un uomo severo. Era contento che Bernardo non avesse commesso errori durante l'esame. Bernardo ha superato il test.,22,PLAUS_NOCONN,superato,SC1
SR2b_09,89,354,L'esaminatore di guida era un uomo severo. Aveva notato che Bernardo aveva commesso diversi errori durante l'esame. Bernardo ha superato il test.,22,IMPLAUS_NOCONN,superato,SC2
SR3b_09,89,355,"L'esaminatore di guida era un uomo severo. Era contento che Bernardo non avesse commesso errori all'esame. Tuttavia, Bernardo ha superato il test.",22,IMPLAUS_CONN,superato,SC3
SR4b_09,89,356,"L'esaminatore di guida era un uomo severo. Aveva notato che Bernardo aveva commesso diversi errori all'esame. Tuttavia, Bernardo ha superato il test.",22,PLAUS_CONN,superato,SC4
SR3b_11,91,361,L'auto della polizia era parcheggiata in strada. Il rilevatore segnalò che un'auto stava andando troppo forte. Il poliziotto ha fermato immediatamente l'autista.,22,PLAUS_NOCONN,fermato,SC1
SR4b_11,91,362,L'auto della polizia era parcheggiata in strada. Il rivelatore segnalò che l'auto procedeva entro i limiti. Il poliziotto ha fermato immediatamente l'autista.,22,IMPLAUS_NOCONN,fermato,SC2
SR1b_11,91,363,"L'auto della polizia era parcheggiata in strada. Il rilevatore segnalò che un'auto procedeva troppo forte. Tuttavia, il poliziotto ha fermato immediatamente l'autista.",22,IMPLAUS_CONN,fermato,SC3
SR2b_11,91,364,"L'auto della polizia era parcheggiata in strada. Un'auto è passata rispettando il limite di velocità. Tuttavia, il poliziotto ha fermato immediatamente l'autista.",22,PLAUS_CONN,fermato,SC4
SR4b_14,94,373,L'uragano aveva colpito l'isola. Gli argini si ruppero improvvisamente per l'innalzamento del livello del mare. Le strade sono rimaste allagate per giorni.,22,PLAUS_NOCONN,allagate,SC1
SR1b_14,94,374,La forte tempesta tropicale aveva colpito l'isola. Gli argini erano stati in grado di contenere l'acqua. Le strade rimasero allagate per giorni.,22,IMPLAUS_NOCONN,allagate,SC2
SR2b_14,94,375,"L'uragano aveva colpito l'isola. Gli argini si ruppero improvvisamente per l'innalzamento del livello del mare. Tuttavia, le strade rimasero allagate per giorni.",22,IMPLAUS_CONN,allagate,SC3
SR3b_14,94,376,"La forte tempesta tropicale aveva colpito l'isola. Gli argini rimasero ben compatti e stabili. Tuttavia, le strade sono rimaste allagate per giorni.",22,PLAUS_CONN,allagate,SC4
SR1b_17,97,385,Clara stava guidando troppo velocemente nella bufera di neve. Ha perso il controllo del mezzo. L'auto all'improvviso si è schiantata contro l'albero.,22,PLAUS_NOCONN,schiantata,SC1
SR2b_17,97,386,Clara stava guidando piano nella bufera di neve. Era concentrata per mantenere il controllo del mezzo. L'auto si è schiantata contro l'albero.,22,IMPLAUS_NOCONN,schiantata,SC2
SR3b_17,97,387,"Clara stava guidando troppo velocemente nella bufera di neve. Ha perso il controllo del mezzo. Tuttavia, l'auto si è schiantata contro l'albero.",22,IMPLAUS_CONN,schiantata,SC3
SR4b_17,97,388,"Clara stava guidando molto piano nella bufera di neve. Era concentrata per mantenere il controllo. Tuttavia, l'auto si è schiantata contro l'albero.",22,PLAUS_CONN,schiantata,SC4
SR4b_18,98,389,L'uomo è rimasto fuori tutta la notte senza cappotto. Si è beccato un terribile raffreddore. La mattina dopo aveva tosse e febbre.,22,PLAUS_NOCONN,tosse,SC1
SR1b_18,98,390,L'uomo è rimasto fuori tutta la notte. Aveva un maglione caldo e uno spesso piumino. La mattina dopo aveva tosse e febbre.,22,IMPLAUS_NOCONN,tosse,SC2
SR2b_18,98,391,L'uomo è rimasto fuori tutta la notte senza cappotto. Ha preso un terribile raffreddore. S la mattina dopo aveva tosse e febbre.,22,IMPLAUS_CONN,tosse,SC3
SR3b_18,98,392,"L'uomo è rimasto fuori tutta la notte. Aveva un maglione caldo e un piumino. Tuttavia, la mattina dopo aveva tosse e febbre.",22,PLAUS_CONN,tosse,SC4
SR3b_19,99,393,L'aereo era fermo sulla pista. Il volo ha continuato a subire ritardi per un'ora. I passeggeri infastiditi iniziarono a brontolare molto rumorosamente.,22,PLAUS_NOCONN,brontolare,SC1
SR4b_19,99,394,L'aereo iniziava a muoversi sulla pista dell'aeroporto. Il volo sarebbe stato il prossimo a partire. I passeggeri iniziarono a brontolare molto rumorosamente.,22,IMPLAUS_NOCONN,brontolare,SC2
SR1b_19,99,395,"L'aereo era fermo sulla pista. Il volo ha continuato a subire ritardi per un'ora. Tuttavia, i passeggeri iniziarono a brontolare molto rumorosamente.",22,IMPLAUS_CONN,brontolare,SC3
SR2b_19,99,396,"L'aereo iniziava a muoversi sulla pista. Il volo sarebbe stato il prossimo a partire. Tuttavia, i passeggeri iniziarono a brontolare molto rumorosamente.",22,PLAUS_CONN,brontolare,SC4
SR2b_20,100,397,L'anziana donna stava scendendo i gradini innevati e ricoperti di ghiaccio. Cadde e si ruppe l'anca. Dovette rimanere in ospedale per settimane.,22,PLAUS_NOCONN,ospedale,SC1
SR3b_20,100,398,L'anziana donna stava scendendo i gradini innevati e ricoperti di ghiaccio. Arrivò fino in fondo senza cadere. Rimase in ospedale per settimane.,22,IMPLAUS_NOCONN,ospedale,SC2
SR4b_20,100,399,"L'anziana donna stava scendendo i gradini innevati e ricoperti di ghiaccio. Cadde e si ruppe l'anca. Tuttavia, rimase in ospedale per settimane.",22,IMPLAUS_CONN,ospedale,SC3
SR1b_20,100,400,"L'anziana donna stava scendendo lentamente i gradini innevati. Giunse in fondo alla scala senza cadere. Tuttavia, dovette rimanere in ospedale per settimane.",22,PLAUS_CONN,ospedale,SC4
SR1b_21,101,401,Il sensitivo afferma di vedere il futuro. È stato utile a molte persone. Tutti i suoi clienti sono rimasti soddisfatti dal servizio.,22,PLAUS_NOCONN,soddisfatti,SC1
SR2b_21,101,402,Il sensitivo afferma di vedere il futuro. In molti dicono che si tratti di una truffa. I clienti sono soddisfatti del servizio.,22,IMPLAUS_NOCONN,soddisfatti,SC2
SR3b_21,101,403,"Il sensitivo afferma di vedere il futuro. È stato utile a molte persone. Tuttavia, tutti i clienti sono rimasti soddisfatti dal servizio.",22,IMPLAUS_CONN,soddisfatti,SC3
SR4b_21,101,404,"Il sensitivo afferma di vedere il futuro. In molti dicono che sia un truffatore. Tuttavia, i clienti sono rimasti soddisfatti dal servizio.",22,PLAUS_CONN,soddisfatti,SC4
SR4b_22,102,405,Daniele è andato in un pub con i suoi amici. Aveva voglia di bere un drink. Ha ordinato un whisky con ghiaccio.,22,PLAUS_NOCONN,whisky,SC1
SR1b_22,102,406,Daniele è andato in un pub con i suoi amici. Aveva smesso di bere da settimane. Ha ordinato un whisky con ghiaccio.,22,IMPLAUS_NOCONN,whisky,SC2
SR2b_22,102,407,"Daniele è andato in un pub con i suoi amici. Aveva voglia di un drink. Tuttavia, ha ordinato un whisky con ghiaccio.",22,IMPLAUS_CONN,whisky,SC3
SR3b_22,102,408,"Daniele è andato in un pub con i suoi amici. Aveva smesso di bere recentemente. Tuttavia, ha ordinato un whisky con ghiaccio.",22,PLAUS_CONN,whisky,SC4
SR2b_24,104,413,L'adolescente era andata a farsi tagliare i capelli. Voleva qualcosa di davvero aggressivo e alternativo. Si fece fare una cresta stile mohawk.,22,PLAUS_NOCONN,cresta,SC1
SR3b_24,104,414,L'adolescente era andata a farsi tagliare i capelli. Non era il tipo da look appariscenti. Si fece fare una cresta stile mohawk.,22,IMPLAUS_NOCONN,cresta,SC2
SR4b_24,104,415,"L'adolescente era andata a farsi tagliare i capelli. Voleva qualcosa di aggressivo e alternativo. Tuttavia, si fece fare una cresta stile mohawk.",22,IMPLAUS_CONN,cresta,SC3
SR1b_24,104,416,"L'adolescente era andata a farsi tagliare i capelli. Non era un tipo affatto stravagante. Tuttavia, si fece fare una cresta stile mohawk.",22,PLAUS_CONN,cresta,SC4
SR1b_25,105,417,I ragazzi stavano litigando. La situazione è degenerata e hanno iniziato a prendersi a pugni. Erano entrambi pieni di lividi sul corpo.,22,PLAUS_NOCONN,lividi,SC1
SR2b_25,105,418,I ragazzi stavano litigando. Alla fine sono riusciti a fare pace e andarono a casa. Erano entrambi pieni di lividi sul corpo.,22,IMPLAUS_NOCONN,lividi,SC2
SR3b_25,105,419,"I ragazzi stavano litigando. La situazione è degenerata e hanno iniziato a prendersi a pugni. Tuttavia, erano pieni di lividi sul corpo.",22,IMPLAUS_CONN,lividi,SC3
SR4b_25,105,420,"I ragazzi stavano litigando. Alla fine sono riusciti a fare pace e andarono a casa. Tuttavia, erano pieni di lividi sul corpo.",22,PLAUS_CONN,lividi,SC4
SR4b_26,106,421,Francesco aveva saltato colazione e pranzo quel giorno. Arrivò a casa da scuola molto affamato. Decise di mangiare un panino in cucina.,22,PLAUS_NOCONN,panino,SC1
SR1b_26,106,422,Francesco aveva fatto un pranzo abbondante. Arrivò a casa assonnato e con lo stomaco pieno. Decise di mangiare un panino in cucina.,22,IMPLAUS_NOCONN,panino,SC2
SR2b_26,106,423,"Francesco aveva saltato colazione e pranzo quel  giorno. Arrivò a casa da scuola affamato. Tuttavia, decise di mangiare un panino in cucina.",22,IMPLAUS_CONN,panino,SC3
SR3b_26,106,424,"Francesco aveva fatto un pranzo abbondante. Arrivò a casa pieno e un po' assonnato. Tuttavia, decise di mangiare un panino in cucina.",22,PLAUS_CONN,panino,SC4
SR3b_27,107,425,Tutti i turisti adoravano l'organizzatore dei tour. Ha sempre avuto molti clienti e buone recensioni. I suoi profitti erano enormi ogni estate.,22,PLAUS_NOCONN,enormi,SC1
SR4b_27,107,426,Tutti i turisti evitavano l'organizzatore dei tour. Aveva sempre pochi clienti e nessuna buona recensione. I suoi profitti erano enormi ogni estate.,22,IMPLAUS_NOCONN,enormi,SC2
SR1b_27,107,427,"Tutti i turisti adoravano l'organizzatore dei tour. Aveva sempre molti clienti e buone recensioni. Tuttavia, i suoi profitti erano enormi ogni estate.",22,IMPLAUS_CONN,enormi,SC3
SR2b_27,107,428,"Tutti i turisti evitavano l'organizzatore dei tour. Aveva sempre pochi clienti e pessime recensioni. Tuttavia, i suoi profitti erano enormi ogni estate.",22,PLAUS_CONN,enormi,SC4
SR2b_28,108,429,Lo chef stava tagliando la carne e delle verdure in cucina. Stava ponendo poca attenzione al coltello. Si è tagliato un dito.,22,PLAUS_NOCONN,tagliato,SC1
SR3b_28,108,430,Lo chef stava lavorando alacremente in cucina per preparare il cibo. Non stava nemmeno toccando i coltelli. Si è tagliato un dito.,22,IMPLAUS_NOCONN,tagliato,SC2
SR4b_28,108,431,"Lo chef stava tagliando velocemente carne e verdure in cucina. Stava ponendo poca attenzione al coltello. Tuttavia, si è tagliato un dito.",22,IMPLAUS_CONN,tagliato,SC3
SR1b_28,108,432,"Lo chef stava lavorando in cucina per preparare il cibo. Non stava nemmeno toccando i coltelli. Tuttavia, si è tagliato un dito.",22,PLAUS_CONN,tagliato,SC4
SR4b_30,110,437,Il Congresso inviò il disegno di legge al Presidente per l'approvazione. Venne ritenuta una proposta davvero terribile. Il Presidente respinse la misura.,22,PLAUS_NOCONN,respinse,SC1
SR1b_30,110,438,Il Congresso inviò il disegno di legge al Presidente per l'approvazione. Venne ritenuta una proposta davvero eccellente. Il Presidente respinse la misura.,22,IMPLAUS_NOCONN,respinse,SC2
SR2b_30,110,439,"Il Congresso aveva inviato il disegno di legge al Presidente per l'approvazione. Venne ritenuta un'idea terribile. Tuttavia, il Presidente respinse la misura.",22,IMPLAUS_CONN,respinse,SC3
SR3b_30,110,440,"Il Congresso aveva inviato il disegno di legge al Presidente per l'approvazione. Venne ritenuta un'idea eccellente. Tuttavia, il Presidente respinse la misura.",22,PLAUS_CONN,respinse,SC4
SR1b_33,113,449,Il carismatico guerriero aveva rovesciato il re. Il vecchio sovrano era molto impopolare tra i suoi sudditi. La gente esultava in festa.,22,PLAUS_NOCONN,esultava,SC1
SR2b_33,113,450,I perfidi mercenari avevano rovesciato il re. Il vecchio sovrano era molto popolare tra i suoi sudditi. La gente esultava in festa.,22,IMPLAUS_NOCONN,esultava,SC2
SR3b_33,113,451,"Il guerriero aveva rovesciato il re. Il vecchio sovrano era molto impopolare tra i suoi sudditi. Tuttavia, la gente esultava in festa.",22,IMPLAUS_CONN,esultava,SC3
SR4b_33,113,452,"I mercenari avevano rovesciato il re. Il vecchio sovrano era molto popolare tra i suoi sudditi. Tuttavia, la gente esultava in festa.",22,PLAUS_CONN,esultava,SC4
SR4b_34,114,453,L'edificio era stato evacuato per una minaccia di bomba. La situazione era diventata molto grave. Tutti erano davvero molto spaventati dalla notizia.,22,PLAUS_NOCONN,spaventati,SC1
SR1b_34,114,454,L'edificio era stato evacuato per una minaccia di bomba. Si è rivelato essere un falso allarme. Tutti erano molto spaventati dalla notizia.,22,IMPLAUS_NOCONN,spaventati,SC2
SR2b_34,114,455,"L'edificio era stato evacuato per una minaccia di bomba. La situazione era diventata molto grave. Tuttavia, tutti erano molto spaventati dalla notizia.",22,IMPLAUS_CONN,spaventati,SC3
SR3b_34,114,456,"L'edificio era stato evacuato per una minaccia di bomba. Si è rivelato essere un falso allarme. Tuttavia, tutti erano spaventati dalla notizia.",22,PLAUS_CONN,spaventati,SC4
SR3b_35,115,457,Riccardo aveva osservato il digiuno previsto per la festività assumendo solo acqua. Doveva digiunare tutto il giorno. Era davvero affamato quella sera.,22,PLAUS_NOCONN,affamato,SC1
SR4b_35,115,458,Riccardo era in vacanza con gli amici per la festa nazionale. Aveva mangiato tutto il giorno. Era davvero molto affamato quella sera.,22,IMPLAUS_NOCONN,affamato,SC2
SR1b_35,115,459,"Riccardo aveva osservato il digiuno per la festività. Doveva digiunare tutto il giorno bevendo soltanto acqua. Tuttavia, era davvero affamato quella sera.",22,IMPLAUS_CONN,affamato,SC3
SR2b_35,115,460,"Riccardo era in vacanza per la festa nazionale. Aveva mangiato tutto il giorno in diversi ristoranti. Tuttavia, era davvero affamato quella sera.",22,PLAUS_CONN,affamato,SC4
SR2b_36,116,461,La donna non aveva mai ballato prima del suo matrimonio. Ha preso lezioni per mesi. Ha ballato come una professionista al ricevimento.,22,PLAUS_NOCONN,professionista,SC1
SR3b_36,116,462,La donna non aveva mai ballato prima del suo matrimonio. Non ha voluto prendere lezioni. Ha ballato come una professionista al ricevimento.,22,IMPLAUS_NOCONN,professionista,SC2
SR4b_36,116,463,"La donna non aveva mai ballato prima del suo matrimonio. Prese lezioni per mesi. Tuttavia, ha ballato come una professionista al ricevimento.",22,IMPLAUS_CONN,professionista,SC3
SR1b_36,116,464,"La donna non aveva mai ballato prima del suo matrimonio. Non volle prendere lezioni. Tuttavia, ha ballato come una professionista al ricevimento.",22,PLAUS_CONN,professionista,SC4
SR3b_39,119,473,Carolina ascoltava il giornale radio. La tempesta della notte precedente aveva lasciato diversi metri di neve. Le scuole erano chiuse quel giorno.,22,PLAUS_NOCONN,chiuso,SC1
SR4b_39,119,474,"Carolina ascoltava il radiogiornale a casa. Dopo la tempesta della notte precedente, era rimasta poca neve. Le scuole erano chiuse quel giorno.",22,IMPLAUS_NOCONN,chiuso,SC2
SR1b_39,119,475,"Carolina ascoltava il radiogiornale. La tempesta della notte precedente aveva lasciato diversi metri di neve. Tuttavia, le scuole erano chiuse quel giorno.",22,IMPLAUS_CONN,chiuso,SC3
SR2b_39,119,476,"Carolina ascoltava il giornale radio. Dopo la tempesta della notte precedente, era rimasta poca neve. Tuttavia, le scuole erano chiuse quel giorno.",22,PLAUS_CONN,chiuso,SC4
SR2b_40,120,477,Giovanna era pessimista riguardo al suo caso per frode. Il suo avvocato aveva pochissime prove che l'aiutassero. È stata condannata dalla giuria.,22,PLAUS_NOCONN,condannata,SC1
SR3b_40,120,478,Giovanna era ottimista riguardo al suo caso giudiziario. Il suo avvocato aveva prove che ne dimostravano l'innocenza. È stata condannata dalla giuria.,22,IMPLAUS_NOCONN,condannata,SC2
SR4b_40,120,479,"Giovanna era pessimista riguardo al suo caso giudiziario. Il suo avvocato aveva pochissime prove che l'aiutassero. Tuttavia, è stata condannata dalla giuria.",22,IMPLAUS_CONN,condannata,SC3
SR1b_40,120,480,"Giovanna era ottimista riguardo al suo caso. Il suo avvocato aveva prove che ne dimostravano l'innocenza. Tuttavia, è stata condannata dalla giuria.",22,PLAUS_CONN,condannata,SC4
SR1b_41,121,481,Mario ha citato in giudizio il medico per negligenza. Alla fine ha vinto il risarcimento dei danni. È diventato ricco subito dopo.,22,PLAUS_NOCONN,ricco,SC1
SR2b_41,121,482,Mario ha citato in giudizio il medico per negligenza. Alla fine ha perso il caso in tribunale. È diventato ricco subito dopo.,22,IMPLAUS_NOCONN,ricco,SC2
SR3b_41,121,483,"Mario ha citato in giudizio il medico per negligenza. Infine ha vinto il risarcimento dei danni. Tuttavia, è diventato ricco subito dopo.",22,IMPLAUS_CONN,ricco,SC3
SR4b_41,121,484,"Mario ha citato in giudizio il medico per negligenza. Alla fine ha perso il caso giudiziario. Tuttavia, è diventato ricco subito dopo.",22,PLAUS_CONN,ricco,SC4
SR3b_43,123,489,L'adolescente stava facendo una presentazione a scuola. Era una persona molto impacciata e timida. Al momento delle domande era arrossito molto visibilmente.,22,PLAUS_NOCONN,arrossito,SC1
SR4b_43,123,490,L'adolescente stava facendo una presentazione. Era una persona sicura di sé e professionale. Durante la sessione delle domande era arrossito molto visibilmente.,22,IMPLAUS_NOCONN,arrossito,SC2
SR1b_43,123,491,"L'adolescente stava facendo una presentazione. Era una persona molto impacciata e timida. Tuttavia, durante la sessione delle domande era arrossito molto visibilmente.",22,IMPLAUS_CONN,arrossito,SC3
SR2b_43,123,492,"L'adolescente stava facendo una presentazione. Era una persona molto sicura di sé. Tuttavia, durante la sessione delle domande era arrossito molto visibilmente.",22,PLAUS_CONN,arrossito,SC4
SR2b_44,124,493,Alice si stava allenando per la stagione calcistica. Lunedì si è sovraccaricata con gli esercizi. Il giorno dopo era dolorante e stanca.,22,PLAUS_NOCONN,dolorante,SC1
SR3b_44,124,494,Alice si stava allenando per la stagione calcistica. Lunedì si è fatta fare un massaggio. Il giorno dopo era dolorante e stanca.,22,IMPLAUS_NOCONN,dolorante,SC2
SR4b_44,124,495,"Alice si stava allenando per la stagione calcistica. Si è sovraccaricata con gli esercizi. Tuttavia, il giorno dopo era dolorante e stanca.",22,IMPLAUS_CONN,dolorante,SC3
SR1b_44,124,496,"Alice si stava allenando per la stagione calcistica. Si è fatta fare un massaggio. Tuttavia, il giorno dopo era dolorante e stanca.",22,PLAUS_CONN,dolorante,SC4
SR1b_45,125,497,Era il primo giorno di primavera. La giornata era bella e calda. I bambini hanno passato la ricreazione in cortile quel giorno.,22,PLAUS_NOCONN,cortile,SC1
SR2b_45,125,498,Era il primo giorno di inverno. La giornata era uggiosa e fredda. I bambini hanno passato la ricreazione in cortile quel giorno.,22,IMPLAUS_NOCONN,cortile,SC2
SR3b_45,125,499,"Era il primo giorno di primavera. La giornata era bella e calda. Tuttavia, i bambini passarono la ricreazione in cortile quel giorno.",22,IMPLAUS_CONN,cortile,SC3
SR4b_45,125,500,"Era il primo giorno di inverno. La giornata era uggiosa e fredda. Tuttavia, i bambini passarono la ricreazione in cortile quel giorno.",22,PLAUS_CONN,cortile,SC4
SR1b_49,129,513,"Per ottenere un lavoro come avvocato, Cristiano doveva superare l'esame di abilitazione. Aveva appena fallito miseramente l'esame. Cristiano era preoccupato per l'avvenire.",22,PLAUS_NOCONN,preoccupato,SC1
SR2b_49,129,514,"Per ottenere un lavoro come avvocato, Cristiano doveva superare l'esame di abilitazione. Aveva appena superato brillantemente l'esame. Cristiano era preoccupato per l'avvenire.",22,IMPLAUS_NOCONN,preoccupato,SC2
SR3b_49,129,515,"Per ottenere un lavoro come avvocato, Cristiano doveva superare l'esame di abilitazione. Aveva appena fallito l'esame. Tuttavia, Cristiano era preoccupato per l'avvenire.",22,IMPLAUS_CONN,preoccupato,SC3
SR4b_49,129,516,"Per ottenere un lavoro come avvocato, Cristiano doveva superare l'esame di abilitazione. Aveva appena superato l'esame. Tuttavia, Cristiano era preoccupato per l'avvenire.",22,PLAUS_CONN,preoccupato,SC4
SR2b_52,132,525,Le collane sono state realizzate da artisti stilisticamente differenti. Tutti hanno impresso il loro stile inconfondibile. Ogni pezzo è unico e prezioso.,22,PLAUS_NOCONN,unico,SC1
SR3b_52,132,526,Le collane sono state realizzate nello stile celtico antico. Sono state prodotte in massa per decenni. Ogni pezzo è unico e prezioso.,22,IMPLAUS_NOCONN,unico,SC2
SR4b_52,132,527,"Le collane sono state realizzate da artisti stilisticamente differenti. Hanno impresso il loro stile inconfondibile. Tuttavia, ogni pezzo è unico e prezioso.",22,IMPLAUS_CONN,unico,SC3
SR1b_52,132,528,"Le collane sono state realizzate nello stile celtico antico. Sono state prodotte in massa. Tuttavia, ogni pezzo è davvero unico e prezioso.",22,PLAUS_CONN,unico,SC4
SR3b_55,135,537,La senatrice si recò da sola in viaggio all'estero. Era in una zona pericolosa e fatiscente. È stata poi rapita da criminali.,22,PLAUS_NOCONN,rapita,SC1
SR4b_55,135,538,La senatrice stava viaggiando con la sua guardia del corpo. Era in una zona molto sicura. È stata poi rapita da criminali.,22,IMPLAUS_NOCONN,rapita,SC2
SR1b_55,135,539,"La senatrice si recò da sola in viaggio all'estero. Era sola in una zona pericolosa. Tuttavia, è stata poi rapita da criminali.",22,IMPLAUS_CONN,rapita,SC3
SR2b_55,135,540,"La senatrice stava viaggiando con la sua guardia del corpo. Era in una zona sicura. Tuttavia, è stata poi rapita da criminali.",22,PLAUS_CONN,rapita,SC4
SR4b_58,138,549,Melinda e suo marito sono andati a cena al ristorante di pesce. Entrambi adorano i molluschi. Melinda ha ordinato ostriche per cena.,22,PLAUS_NOCONN,ostriche,SC1
SR1b_58,138,550,Melinda e suo marito sono andati al ristorante di pesce. Sono intolleranti ai molluschi. Melinda ha deciso di ordinare ostriche per cena.,22,IMPLAUS_NOCONN,ostriche,SC2
SR2b_58,138,551,"Melinda e suo marito sono andati a cena al ristorante di pesce. Adorano i molluschi. Tuttavia, Melinda ha ordinato ostriche per cena.",22,IMPLAUS_CONN,ostriche,SC3
SR3b_58,138,552,"Melinda e suo marito sono andati al ristorante di pesce. Sono entrambi intolleranti ai molluschi. Tuttavia, Melinda ha ordinato ostriche per cena.",22,PLAUS_CONN,ostriche,SC4
SR1b_61,141,561,Licia odia il suo attuale lavoro. È stata assunta da un'altra società con uno stipendio migliore. Ha deciso di accettare la proposta.,22,PLAUS_NOCONN,accettare,SC1
SR2b_61,141,562,Licia adora il suo attuale lavoro e colleghi. Ha ricevuto un'offerta più bassa da un'altra società. Ha deciso di accettare la proposta.,22,IMPLAUS_NOCONN,accettare,SC2
SR3b_61,141,563,"Licia odia il suo lavoro. È stata assunta da un'altra società con uno stipendio migliore. Tuttavia, ha deciso di accettare la proposta.",22,IMPLAUS_CONN,accettare,SC3
SR4b_61,141,564,"Licia adora il suo attuale lavoro. Ieri ha ricevuto un'offerta più bassa da un'altra società. Tuttavia, ha deciso di accettare la proposta.",22,PLAUS_CONN,accettare,SC4
SR4b_62,142,565,Daniele ha indossato una nuova camicia per il colloquio di lavoro. L'ha abbinata con una bella cravatta. Sembrava molto professionale durante l'incontro.,22,PLAUS_NOCONN,professionale,SC1
SR1b_62,142,566,Daniele ha indossato una camicia stropicciata per il colloquio. Ci aveva appena rovesciato del caffè nero sopra. Sembrava molto professionale durante l'incontro.,22,IMPLAUS_NOCONN,professionale,SC2
SR2b_62,142,567,"Daniele ha indossato una nuova camicia per il colloquio. L'ha abbinata con una bella cravatta blu. Tuttavia, sembrava molto professionale durante l'incontro.",22,IMPLAUS_CONN,professionale,SC3
SR3b_62,142,568,"Daniele ha indossato una camicia stropicciata per il lavoro colloquio. Ci aveva appena rovesciato del caffè sopra. Tuttavia, sembrava professionale durante l'incontro.",22,PLAUS_CONN,professionale,SC4
SR3b_63,143,569,Giacomo e altri cinque amici stavano viaggiando insieme. Affittarono un gigantesco camper per il loro viaggio. Erano tutti molto comodi e soddisfatti.,22,PLAUS_NOCONN,comodi,SC1
SR4b_63,143,570,Giacomo e altri cinque amici stavano viaggiando insieme. Affittarono una piccola auto decappottabile per il viaggio. Erano tutti molto comodi e soddisfatti.,22,IMPLAUS_NOCONN,comodi,SC2
SR1b_63,143,571,"Giacomo e altri cinque amici stavano viaggiando insieme. Affittarono un gigantesco furgone per il viaggio. Tuttavia, erano tutti molto comodi e soddisfatti.",22,IMPLAUS_CONN,comodi,SC3
SR2b_63,143,572,"Giacomo e altri cinque amici stavano viaggiando insieme. Affittarono una piccola auto per il viaggio. Tuttavia, erano tutti molto comodi e soddisfatti.",22,PLAUS_CONN,comodi,SC4
SR1b_65,145,577,Jessica aveva chiesto una nuova mountain bike per Natale. I suoi genitori gliene hanno regalata una. Jessica era molto felice del dono.,22,PLAUS_NOCONN,felice,SC1
SR2b_65,145,578,Jessica aveva chiesto una bicicletta per Natale. I suoi genitori invece le hanno regalato una bambola. Jessica era molto felice del dono.,22,IMPLAUS_NOCONN,felice,SC2
SR3b_65,145,579,"Jessica aveva chiesto una nuova bicicletta per Natale. I suoi genitori gliene hanno regalata una. Tuttavia, Jessica era molto felice del dono.",22,IMPLAUS_CONN,felice,SC3
SR4b_65,145,580,"Jessica aveva chiesto una bicicletta per Natale. I suoi genitori invece le hanno regalato una bambola. Tuttavia, Jessica era felice del dono.",22,PLAUS_CONN,felice,SC4
SR3b_67,147,585,Il sindaco era incredibilmente impopolare in città. Ha ricevuto molte lettere di denuncia e protesta. Era costantemente circondato da critiche ogni giorno.,22,PLAUS_NOCONN,critiche,SC1
SR4b_67,147,586,Il sindaco era incredibilmente popolare in città. Ha ricevuto molti regali e lettere di ringraziamento. Era costantemente circondato da critiche ogni giorno.,22,IMPLAUS_NOCONN,critiche,SC2
SR1b_67,147,587,"Il sindaco era incredibilmente impopolare in città. Ha ricevuto molte lettere di denuncia e protesta. Tuttavia, era circondato da critiche ogni giorno.",22,IMPLAUS_CONN,critiche,SC3
SR2b_67,147,588,"Il sindaco era incredibilmente popolare in città. Ha ricevuto molti regali e lettere di ringraziamento. Tuttavia, era circondato da critiche ogni giorno.",22,PLAUS_CONN,critiche,SC4
SR1b_69,149,593,Giovanna pulisce raramente la sua casa. Ha due bambini piccoli e un grosso cane. La sua cucina è in disordine ogni giorno.,22,PLAUS_NOCONN,disordine,SC1
SR2b_69,149,594,Giovanna pulisce la sua casa ogni giorno. Ha anche assunto degli addetti alle pulizie. La sua cucina è in disordine ogni giorno.,22,IMPLAUS_NOCONN,disordine,SC2
SR3b_69,149,595,"Giovanna pulisce raramente la sua casa. Ha due bambini piccoli e un cane. Tuttavia, la sua cucina è in disordine ogni giorno.",22,IMPLAUS_CONN,disordine,SC3
SR4b_69,149,596,"Giovanna pulisce la sua casa regolarmente. Ha anche assunto degli addetti alle pulizie. Tuttavia, la sua cucina è in disordine ogni giorno.",22,PLAUS_CONN,disordine,SC4
SR4b_70,150,597,Il proprietario della casa si era appena trasferito. Ha visto delle persone sospette vicino la casa. Ha chiamato i carabinieri a controllare.,22,PLAUS_NOCONN,carabinieri,SC1
SR1b_70,150,598,Il proprietario della casa si era appena trasferito. Tutti i vicini si mostravano amichevoli con lui. Ha chiamato i carabinieri a controllare.,22,IMPLAUS_NOCONN,carabinieri,SC2
SR2b_70,150,599,"Il proprietario della casa si era trasferito. Ha visto delle persone sospette vicino la casa. Tuttavia, ha chiamato i carabinieri a controllare.",22,IMPLAUS_CONN,carabinieri,SC3
SR3b_70,150,600,"Il proprietario della casa si era appena trasferito. I vicini si mostravano amichevoli con lui. Tuttavia, ha chiamato i carabinieri a controllare.",22,PLAUS_CONN,carabinieri,SC4
SR3b_71,151,601,Il tetto aveva una spaccatura sopra la cucina. Il tuttofare è passato e l'ha riparato velocemente. Il gocciolamento è cessato praticamente subito.,22,PLAUS_NOCONN,cessato,SC1
SR4b_71,151,602,Il tetto aveva una spaccatura sopra la cucina. La pioggia si era fatta intensa una notte. Il gocciolamento è cessato praticamente subito.,22,IMPLAUS_NOCONN,cessato,SC2
SR1b_71,151,603,"Il tetto aveva una spaccatura sopra la cucina. Il tuttofare è passato e l'ha riparato. Tuttavia, il gocciolamento è cessato praticamente subito.",22,IMPLAUS_CONN,cessato,SC3
SR2b_71,151,604,"Il tetto aveva una brutta spaccatura. La pioggia si è fatta intensa durante la settimana. Tuttavia, il gocciolamento è cessato praticamente subito.",22,PLAUS_CONN,cessato,SC4
SR1b_73,153,609,Luca è molto estroverso e socievole. Gli piace sempre uscire con molti amici. Ha passato ogni fine settimana a festeggiare in città,22,PLAUS_NOCONN,festeggiare,SC1
SR2b_73,153,610,Luca è poco estroverso o socievole. Resta sempre a casa dopo il lavoro. Ha passato ogni fine settimana a festeggiare in città.,22,IMPLAUS_NOCONN,festeggiare,SC2
SR3b_73,153,611,"Luca è molto estroverso e socievole. Gli piace uscire con molti amici. Tuttavia, ha passato ogni fine settimana a festeggiare in città.",22,IMPLAUS_CONN,festeggiare,SC3
SR4b_73,153,612,"Luca è un tipo introverso. Resta sempre a casa dopo il lavoro. Tuttavia, ha passato ogni fine settimana a festeggiare in città.",22,PLAUS_CONN,festeggiare,SC4
SR4b_74,154,613,Elena ha estratto i denti del giudizio. La sua bocca era dolorante dopo. Il dottore le ha dato degli antidolorifici da prendere.,22,PLAUS_NOCONN,antidolorifici,SC1
SR1b_74,154,614,Elena ha fatto una pulizia dal dentista. Si sentiva molto meglio subito dopo. Il dottore le ha dato degli antidolorifici da prendere.,22,IMPLAUS_NOCONN,antidolorifici,SC2
SR2b_74,154,615,"Elena ha estratto i denti del giudizio. La sua bocca era dolorante. Tuttavia, il dottore le ha dato degli antidolorifici da prendere.",22,IMPLAUS_CONN,antidolorifici,SC3
SR3b_74,154,616,"Elena ha fatto una pulizia dentale. Si sentiva molto meglio subito dopo. Tuttavia, il dottore le ha dato degli antidolorifici da prendere.",22,PLAUS_CONN,antidolorifici,SC4
SR3b_75,155,617,Cristiano stava andando a trovare la sua ragazza per San Valentino. Sapeva che amava i fiori. Aveva comprato delle rose per lei.,22,PLAUS_NOCONN,rose,SC1
SR4b_75,155,618,Cristiano stava andando a trovare la sua ragazza per San Valentino. Sapeva che era allergica ai fiori. Comprò delle rose per lei.,22,IMPLAUS_NOCONN,rose,SC2
SR1b_75,155,619,"Cristiano stava andando a trovare la sua ragazza per San Valentino. Sapeva che amava i fiori. Tuttavia, comprò delle rose per lei.",22,IMPLAUS_CONN,rose,SC3
SR2b_75,155,620,"Cristiano stava andando a trovare la sua ragazza. Sapeva che era molto allergica ai fiori. Tuttavia, aveva comprato delle rose per lei.",22,PLAUS_CONN,rose,SC4
SR2b_76,156,621,Luca era un pittore. Gli piaceva imparare dal lavoro di altre persone. Ha trascorso ogni fine settimana in varie gallerie e musei.,22,PLAUS_NOCONN,gallerie,SC1
SR3b_76,156,622,Luca non amava l'arte. La sua passione era lo sport. Ha trascorso la maggior parte del suo tempo in gallerie e musei.,22,IMPLAUS_NOCONN,gallerie,SC2
SR4b_76,156,623,"Luca era un pittore. Gli piaceva imparare dal lavoro di altre persone. Tuttavia, ha trascorso ogni fine settimana in gallerie e musei.",22,IMPLAUS_CONN,gallerie,SC3
SR1b_76,156,624,"Luca non amava l'arte. La sua grande passione era lo sport. Tuttavia, ha trascorso ogni fine settimana in varie gallerie e musei.",22,PLAUS_CONN,gallerie,SC4
